City,Lat,Long,Max Temp (F),Humidity (%),Cloudiness (%),Windspeed (mph),Country,Date
Qaanaaq,77.484,-69.3632,32.7,65,53,6.71,GL,1619801430
Samaipata,-18.15,-63.8667,65.79,43,3,6.82,BO,1619801231
Lianyuan,27.6883,111.6642,69.84,66,71,3.53,CN,1619801431
Nālūt,30.3333,10.85,99.5,11,54,15.7,LY,1619801431
Acapulco de Juárez,16.8634,-99.8901,82.4,74,90,10.36,MX,1619801431
Mar del Plata,-38.0023,-57.5575,70.0,64,0,18.41,AR,1619801279
Mascote,-15.5631,-39.3025,81.36,64,25,6.49,BR,1619801432
Punta Arenas,-53.15,-70.9167,41.0,100,90,9.22,CL,1619801432
Awjilah,29.1081,21.2869,97.11,8,0,9.22,LY,1619801433
Ocós,14.5094,-92.1933,84.2,94,90,3.44,GT,1619801433
Dalbandin,28.8947,64.4101,81.1,28,87,13.6,PK,1619801433
Waddān,29.1614,16.139,100.0,6,25,14.41,LY,1619801434
Lata,40.1629,-8.3327,62.01,48,40,18.41,PT,1619801434
Hérouville-Saint-Clair,49.2109,-0.3065,51.8,58,40,8.05,FR,1619801434
Weligama,5.9667,80.4167,78.58,87,54,3.0,LK,1619801435
Bambous Virieux,-20.3428,57.7575,78.8,78,40,12.66,MU,1619801435
Taltal,-25.4,-70.4833,67.68,68,45,7.65,CL,1619801291
Bluff,-46.6,168.3333,42.01,93,61,1.99,NZ,1619801436
Jamestown,42.097,-79.2353,46.99,70,75,17.27,US,1619801389
Mataura,-46.1927,168.8643,42.01,93,51,1.99,NZ,1619801436
Waitati,-45.75,170.5667,48.99,71,33,5.99,NZ,1619801408
Busselton,-33.65,115.3333,50.0,97,86,3.71,AU,1619801437
Kahului,20.8947,-156.47,71.6,100,90,16.11,US,1619801251
Upernavik,72.7868,-56.1549,33.87,78,93,5.82,GL,1619801289
Carman,49.4992,-98.0016,48.2,31,100,12.66,CA,1619801437
Ushuaia,-54.8,-68.3,41.0,87,75,2.3,AR,1619801438
Dikson,73.5069,80.5464,6.73,96,91,8.77,RU,1619801235
Severodvinsk,64.5635,39.8302,37.4,75,40,4.47,RU,1619801438
Jalu,29.0331,21.5482,96.96,9,0,9.51,LY,1619801439
Berlevåg,70.8578,29.0864,24.8,93,40,27.63,NO,1619801439
Severomorsk,69.0689,33.4162,28.4,46,0,6.71,RU,1619801440
Norman Wells,65.282,-126.8329,35.6,55,40,5.75,CA,1619801440
Khatanga,71.9667,102.5,30.92,96,100,9.1,RU,1619801440
Lüderitz,-26.6481,15.1594,65.55,49,0,23.78,NA,1619801441
Hermanus,-34.4187,19.2345,55.99,74,3,6.42,ZA,1619801441
Fairbanks,64.8378,-147.7164,30.2,86,90,11.5,US,1619801441
Saskylakh,71.9167,114.0833,31.89,89,100,8.77,RU,1619801442
Caniço,32.6333,-16.85,66.2,55,20,16.11,PT,1619801442
Nikolskoye,59.7035,30.7861,46.0,49,0,13.42,RU,1619801443
Ginda,30.6945,78.4932,57.78,55,73,7.74,IN,1619801443
Rikitea,-23.1203,-134.9692,78.85,75,43,19.86,PF,1619801443
Cape Town,-33.9258,18.4232,62.01,59,0,19.57,ZA,1619801444
Port Hardy,50.6996,-127.4199,50.0,100,75,2.3,CA,1619801400
Saint-François,46.4154,3.9054,53.6,62,75,8.05,FR,1619801444
Torbay,47.6666,-52.7314,50.0,61,75,14.97,CA,1619801444
Carnarvon,-24.8667,113.6333,69.8,73,86,12.66,AU,1619801445
Lucija,45.5053,13.6024,68.0,64,0,8.05,SI,1619801445
Provideniya,64.3833,-173.3,26.53,71,97,2.68,RU,1619801445
Sitka,57.0531,-135.33,44.6,81,90,6.91,US,1619801446
Kiama,-34.6833,150.8667,59.0,91,7,3.78,AU,1619801446
Butaritari,3.0707,172.7902,82.27,75,69,11.3,KI,1619801447
New Norfolk,-42.7826,147.0587,50.0,85,5,3.15,AU,1619801447
Asunción,-25.3007,-57.6359,80.6,50,0,10.36,PY,1619801447
Mahon,39.8885,4.2658,64.4,77,20,9.22,ES,1619801448
Geraldton,-28.7667,114.6,53.6,76,79,10.36,AU,1619801448
Los Llanos de Aridane,28.6585,-17.9182,68.0,60,40,20.71,ES,1619801449
Okha,53.5739,142.9478,30.31,88,100,6.55,RU,1619801449
Nísia Floresta,-6.0911,-35.2086,80.6,83,75,16.11,BR,1619801450
Ponoka,52.6768,-113.5815,64.4,29,43,12.66,CA,1619801450
Arraial do Cabo,-22.9661,-42.0278,78.8,69,20,10.36,BR,1619801234
Aykhal,66.0,111.5,26.13,98,100,3.76,RU,1619801451
Río Gallegos,-51.6226,-69.2181,44.6,87,40,9.22,AR,1619801451
Souillac,-20.5167,57.5167,78.8,78,40,12.66,MU,1619801451
Ellisras,-23.6649,27.7443,74.34,44,27,7.94,ZA,1619801452
Saint-Philippe,-21.3585,55.7679,77.0,78,0,4.61,RE,1619801452
Albany,42.6001,-73.9662,57.0,71,93,19.28,US,1619801453
Kaitangata,-46.2817,169.8464,46.99,72,41,7.0,NZ,1619801453
Bethel,41.3712,-73.414,63.0,42,75,17.27,US,1619801453
Cherskiy,68.75,161.3,-2.99,100,99,1.81,RU,1619801454
Vostok,46.4856,135.8833,33.17,83,1,2.26,RU,1619801454
East London,-33.0153,27.9116,62.6,77,0,9.22,ZA,1619801454
Cedar City,37.6775,-113.0619,70.0,27,1,2.91,US,1619801455
Rocha,-34.4833,-54.3333,70.39,51,1,7.85,UY,1619801455
Chulym,55.0997,80.9572,44.01,65,47,7.25,RU,1619801455
Saýat,38.7839,63.8803,77.61,37,82,16.4,TM,1619801456
Avarua,-21.2078,-159.775,77.0,94,75,2.3,CK,1619801456
Aberdeen,57.1437,-2.0981,46.0,81,75,4.61,GB,1619801310
Fortuna,40.5982,-124.1573,61.0,87,1,3.44,US,1619801170
Kade,52.3833,12.2667,53.01,66,100,1.01,DE,1619801457
Vaini,-21.2,-175.2,75.2,94,75,8.05,TO,1619801457
Hobart,-42.8794,147.3294,50.0,87,3,1.14,AU,1619801226
Los Algarrobos,8.5,-82.4333,86.0,62,20,4.61,PA,1619801458
Beira,-19.8436,34.8389,80.6,74,20,11.1,MZ,1619801458
Tuktoyaktuk,69.4541,-133.0374,14.0,79,20,10.36,CA,1619801458
Maltahöhe,-24.8333,16.9833,61.84,26,0,12.66,NA,1619801459
Ulladulla,-35.35,150.4667,55.4,100,4,4.61,AU,1619801459
George Town,5.4112,100.3354,77.0,100,40,3.44,MY,1619801459
Ribeira Grande,38.5167,-28.7,62.6,67,75,8.05,PT,1619801460
Kalat,29.0225,66.5916,67.8,27,97,7.23,PK,1619801460
Kruisfontein,-34.0033,24.7314,59.0,72,0,1.99,ZA,1619801461
Zabul Province,32.25,67.25,67.8,35,20,6.06,AF,1619801461
Santa,17.486,120.4348,76.77,77,12,2.19,PH,1619801462
Freeport,40.6576,-73.5832,66.99,37,40,24.16,US,1619801455
Husavik,66.0449,-17.3389,35.6,80,75,14.97,IS,1619801462
Palāsa,18.7667,84.4167,77.18,76,94,8.46,IN,1619801463
Carutapera,-1.195,-46.02,75.04,94,100,1.99,BR,1619801463
Campeche,19.0,-90.5,98.22,32,10,3.69,MX,1619801463
Jackson,42.4165,-122.8345,61.0,58,1,2.06,US,1619801464
Benghazi,32.1167,20.0667,82.83,30,39,7.14,LY,1619801464
Puerto Ayora,-0.7393,-90.3518,82.4,69,40,11.5,EC,1619801464
Port Elizabeth,-33.918,25.5701,60.8,72,0,20.71,ZA,1619801465
Roebourne,-20.7833,117.1333,81.09,45,1,5.95,AU,1619801465
Taoudenni,22.6783,-3.9836,92.32,24,98,9.64,ML,1619801465
Ponta do Sol,32.6667,-17.1,66.2,55,20,16.11,PT,1619801466
Atuona,-9.8,-139.0333,78.76,71,19,5.46,PF,1619801314
Yerbogachën,61.2767,108.0108,32.54,91,100,6.02,RU,1619801239
Saryg-Sep,51.5,95.6,48.87,93,100,2.51,RU,1619801467
Muhos,64.808,25.9931,37.4,44,0,12.66,FI,1619801467
Antofagasta,-23.65,-70.4,70.0,68,0,10.36,CL,1619801467
Aswān,24.0934,32.907,96.87,7,0,12.08,EG,1619801468
Hambantota,6.1241,81.1185,81.23,78,52,7.23,LK,1619801468
Maracaí,-22.6106,-50.6672,82.98,33,96,9.53,BR,1619801469
Bridlington,54.0831,-0.1919,48.2,66,75,11.5,GB,1619801469
Cabo San Lucas,22.8909,-109.9124,77.0,31,1,5.75,MX,1619801195
Lima Duarte,-21.8425,-43.7931,73.99,63,75,8.05,BR,1619801469
Namatanai,-3.6667,152.4333,78.66,80,35,3.38,PG,1619801470
Jardim,-21.4803,-56.1381,87.69,24,1,5.03,BR,1619801470
Port-Cartier,50.0334,-66.8654,46.99,71,90,18.41,CA,1619801471
Talara,-4.5772,-81.2719,82.4,61,0,13.8,PE,1619801471
Kibondo,-3.5864,30.7203,63.21,92,84,0.54,TZ,1619801471
Kavieng,-2.5744,150.7967,81.48,76,80,5.77,PG,1619801472
Avera,33.194,-82.5271,80.6,41,1,12.66,US,1619801472
Nizhneudinsk,54.9076,99.0276,36.59,91,100,3.67,RU,1619801473
Kontagora,10.3999,5.4695,99.32,20,68,1.88,NG,1619801473
Shimoda,34.6667,138.95,63.0,70,0,17.52,JP,1619801473
Barrow,71.2906,-156.7887,19.4,86,90,4.61,US,1619801474
Tasiilaq,65.6145,-37.6368,33.8,60,20,12.66,GL,1619801474
Thompson,55.7435,-97.8558,39.2,41,75,5.75,CA,1619801207
Luganville,-15.5333,167.1667,78.4,82,89,9.66,VU,1619801475
Lorengau,-2.0226,147.2712,80.26,78,96,2.37,PG,1619801475
Itanhaém,-24.1831,-46.7889,77.0,61,40,9.22,BR,1619801475
Shenjiamen,29.9576,122.298,61.86,85,25,6.2,CN,1619801476
Poum,-20.2333,164.0167,75.49,69,78,10.4,NC,1619801476
Neftegorsk,52.802,51.166,50.86,56,98,8.19,RU,1619801476
Porto San Giorgio,43.1827,13.7934,68.0,10,56,1.99,IT,1619801477
Chui,-33.6971,-53.4616,70.97,45,1,7.23,UY,1619801477
Yellowknife,62.456,-114.3525,28.99,86,90,14.97,CA,1619801335
Malatya Province,38.5,38.0,57.2,94,75,9.22,TR,1619801478
Pangnirtung,66.1451,-65.7125,32.0,93,75,3.44,CA,1619801478
Porto Santo,33.072,-16.3415,66.2,52,20,13.8,PT,1619801478
Leningradskiy,69.3833,178.4167,13.95,91,92,17.09,RU,1619801479
Rabo de Peixe,37.8,-25.5833,60.8,67,75,12.66,PT,1619801479
Cidreira,-30.1811,-50.2056,71.55,63,0,13.2,BR,1619801479
Hithadhoo,-0.6,73.0833,84.2,73,40,7.43,MV,1619801480
Kingsville,27.5159,-97.8561,75.2,88,90,12.66,US,1619801480
Tual,-5.6667,132.75,82.49,75,37,11.63,ID,1619801481
Chokurdakh,70.6333,147.9167,-1.93,94,32,4.38,RU,1619801481
Prome,18.8167,95.2167,83.08,64,80,1.7,MM,1619801481
Half Moon Bay,37.4636,-122.4286,64.0,87,90,8.05,US,1619801482
Komsomol'skoye,55.2567,47.5461,52.9,55,98,17.36,RU,1619801482
Vila Velha,-20.3297,-40.2925,80.6,54,75,18.41,BR,1619801198
Usvyaty,55.7456,30.7533,48.49,83,72,8.1,RU,1619801483
Lincoln,40.8,-96.667,78.01,27,90,8.05,US,1619801343
Kavaratti,10.5669,72.642,85.01,73,16,9.57,IN,1619801483
Bukama,-9.2,25.85,75.04,86,69,3.29,CD,1619801483
Port Augusta,-32.5,137.7667,62.6,42,100,4.61,AU,1619801484
Pálmonostora,46.6242,19.9516,71.6,49,0,2.3,HU,1619801484
Airai,-8.9266,125.4092,57.74,86,100,2.48,TL,1619801485
Shizunai-furukawachō,42.3339,142.3669,41.95,92,90,22.03,JP,1619801485
Bud,39.447,-86.1758,68.0,45,1,12.66,US,1619801485
Gorin,51.1983,136.6669,30.54,87,92,6.24,RU,1619801486
Charter Township of Clinton,42.587,-82.9199,53.01,58,75,21.85,US,1619801349
Port Alfred,-33.5906,26.891,63.12,75,55,15.75,ZA,1619801486
Walvis Bay,-22.9575,14.5053,68.0,52,0,8.05,NA,1619801486
Chippewa Falls,44.9369,-91.3929,52.0,38,6,4.0,US,1619801487
Hilo,19.7297,-155.09,71.6,83,90,5.75,US,1619801487
Anzio,41.4853,12.6179,71.01,82,0,6.91,IT,1619801487
Vestmannaeyjar,63.4427,-20.2734,44.6,57,75,13.8,IS,1619801488
Pemberton,50.3164,-122.8027,44.6,100,90,2.3,CA,1619801488
Los Chiles,11.0333,-84.7167,90.18,47,57,4.83,CR,1619801489
Kapaa,22.0752,-159.319,71.6,83,75,14.97,US,1619801215
Lamu,-2.2717,40.902,81.37,79,78,12.5,KE,1619801489
Yulara,-25.2406,130.9889,53.6,37,81,3.44,AU,1619801489
Jiuquan,39.7432,98.5174,68.38,9,52,9.86,CN,1619801490
Tuatapere,-46.1333,167.6833,42.01,93,58,1.99,NZ,1619801490
São Filipe,14.8961,-24.4956,72.77,76,90,13.65,CV,1619801490
Noshiro,40.2039,140.0242,44.08,84,57,7.09,JP,1619801491
Guerrero Negro,27.9769,-114.0611,78.19,37,0,8.9,MX,1619801491
Nuevo Progreso,23.1667,-97.95,81.0,59,93,10.0,MX,1619801492
Kelvington,52.1667,-103.5343,53.6,30,100,21.85,CA,1619801366
Ixtapa,20.7,-105.2,80.6,74,40,4.61,MX,1619801492
Henties Bay,-22.116,14.2845,62.01,84,0,5.99,NA,1619801493
Kudahuvadhoo,2.6708,72.8944,83.79,69,10,1.7,MV,1619801493
Tsimmerbude,54.675,20.1347,44.6,81,75,15.66,RU,1619801493
Grindavik,63.8424,-22.4338,41.0,70,40,25.32,IS,1619801494
Kutum,14.2,24.6667,86.4,12,9,7.96,SD,1619801494
Severo-Kuril'sk,50.6789,156.125,35.02,91,100,18.3,RU,1619801495
Altea,38.5989,-0.0514,69.01,81,30,1.99,ES,1619801495
Mossamedes,-15.1961,12.1522,76.42,74,5,8.43,AO,1619801495
Skellefteå,64.7507,20.9528,37.99,87,75,8.05,SE,1619801496
Loandjili,-4.7561,11.8578,86.0,79,40,9.22,CG,1619801496
Srednekolymsk,67.45,153.6833,4.89,97,33,7.0,RU,1619801497
Ryōtsu-minato,38.0833,138.4333,53.35,85,61,14.38,JP,1619801497
Mitú,1.1983,-70.1733,75.94,93,94,1.95,CO,1619801497
Ouésso,1.6136,16.0517,73.31,87,100,2.26,CG,1619801498
Moctezuma,29.8,-109.6667,75.33,25,0,16.37,MX,1619801498
Saint Paul Harbor,57.79,-152.4072,39.2,65,1,8.05,US,1619801499
Iqaluit,63.7506,-68.5145,35.6,75,75,12.66,CA,1619801499
Saint George,37.1041,-113.5841,79.0,23,14,2.13,US,1619801462
Ambon City,-3.6954,128.1814,81.37,75,72,3.38,ID,1619801499
Belyy Yar,53.6039,91.3903,41.0,81,0,6.71,RU,1619801500
Redcliffe,-27.2307,153.0973,64.0,94,75,4.61,AU,1619801500
Astara,38.5,48.6667,55.89,90,77,0.58,AZ,1619801500
Mocuba,-16.8392,36.9856,73.38,94,33,4.16,MZ,1619801501
Trincomalee,8.5711,81.2335,84.06,72,40,4.68,LK,1619801244
Koygorodok,60.445,50.9968,40.77,69,100,9.69,RU,1619801501
Muzaffarabad,34.37,73.4711,66.4,64,86,6.76,PK,1619801502
Catuday,16.2923,119.8062,78.62,76,10,7.4,PH,1619801502
Clyde River,70.4692,-68.5914,23.0,100,90,2.3,CA,1619801502
Bara,10.3744,10.7288,100.06,10,96,7.2,NG,1619801503
Tungor,53.3808,142.9564,30.13,89,100,6.24,RU,1619801503
Doka,13.5167,35.7667,96.35,19,76,10.11,SD,1619801503
Charlestown,-32.95,151.6667,63.0,97,0,2.59,AU,1619801504
Faanui,-16.4833,-151.75,78.75,80,97,5.59,PF,1619801504
Evensk,61.95,159.2333,23.47,79,19,10.96,RU,1619801504
Mapiripán,2.8892,-72.1256,78.28,82,98,0.85,CO,1619801505
St Johann im Pongau,47.35,13.2,68.0,52,40,8.05,AT,1619801505
Sola,-13.8833,167.55,81.1,74,99,19.15,VU,1619801505
Mahébourg,-20.4081,57.7,78.8,78,40,12.66,MU,1619801506
Fort Morgan,40.2503,-103.8,69.8,35,1,3.44,US,1619801474
Longyearbyen,78.2186,15.6401,21.2,63,75,12.66,SJ,1619801506
Chumikan,54.7183,135.315,28.15,98,100,6.2,RU,1619801507
Hong Kong,22.2855,114.1577,77.0,84,87,2.06,HK,1619801507
Wattegama,6.7989,81.4808,76.55,89,95,2.19,LK,1619801508
Gizo Government Station,-8.103,156.8419,81.27,75,48,4.5,SB,1619801508
Luyang,27.6239,110.0989,66.04,73,69,3.87,CN,1619801509
Saldanha,-33.0117,17.9442,62.6,51,0,12.66,ZA,1619801509
Kiunga,-6.1219,141.2906,72.48,97,100,1.34,PG,1619801510
Kirakira,-10.4544,161.9205,78.31,87,100,7.18,SB,1619801510
Broome,42.2506,-75.833,48.2,66,90,25.32,US,1619801511
Orlik,52.5178,99.825,35.74,96,100,2.39,RU,1619801511
Coolum Beach,-26.5333,153.1,64.0,99,100,1.99,AU,1619801511
Djambala,-2.5447,14.7533,73.47,80,97,2.86,CG,1619801512
Agirish,61.9247,63.0231,27.21,91,96,4.0,RU,1619801512
Te Anau,-45.4167,167.7167,39.49,93,23,1.07,NZ,1619801513
Mazatlán,23.2167,-106.4167,82.0,54,20,5.75,MX,1619801327
Bozeman,45.6796,-111.0386,73.0,28,100,1.01,US,1619801461
Batavia,41.85,-88.3126,59.0,41,1,17.27,US,1619801513
Tulskiy,44.5094,40.1762,57.58,89,8,1.61,RU,1619801513
Raseiniai,55.3736,23.1217,46.4,81,40,8.05,LT,1619801514
Victor Harbor,-35.5667,138.6167,71.01,45,100,8.84,AU,1619801514
Khovd,48.0056,91.6419,62.4,28,100,10.11,MN,1619801514
Castro,-24.7911,-50.0119,67.73,51,24,9.66,BR,1619801515
Sūsangerd,31.5608,48.1831,95.0,15,0,4.61,IR,1619801515
Tilichiki,60.4667,166.1,19.67,96,62,8.63,RU,1619801516
Vila Franca do Campo,37.7167,-25.4333,60.8,67,75,12.66,PT,1619801516
Dudinka,69.4058,86.1778,16.61,96,35,6.15,RU,1619801376
Waterboro,43.5356,-70.7151,55.4,82,90,11.5,US,1619801516
Nishihara,26.1842,127.7558,71.6,78,75,6.91,JP,1619801517
Santa Cruz del Sur,20.7147,-77.9956,85.89,52,2,11.39,CU,1619801517
Lokosovo,61.1333,74.8167,35.64,90,91,9.17,RU,1619801517
Malanje,-9.5402,16.341,68.65,86,98,0.81,AO,1619801518
Port Lincoln,-34.7333,135.8667,67.1,39,100,10.45,AU,1619801518
Anadyr,64.75,177.4833,17.6,86,75,8.95,RU,1619801518
Codrington,-38.2667,141.9667,57.31,47,78,9.01,AU,1619801519
Ancud,-41.8697,-73.8203,55.99,100,90,12.66,CL,1619801519
Cayenne,4.9333,-52.3333,84.2,74,20,3.44,GF,1619801519
Ampanihy,-24.7,44.75,71.65,72,77,3.76,MG,1619801520
Tura,25.5198,90.2201,78.22,38,39,3.11,IN,1619801520
Ocher,57.8904,54.7202,41.34,59,96,5.86,RU,1619801521
Bladel,51.3683,5.2208,52.0,71,40,9.22,NL,1619801521
Denpasar,-8.65,115.2167,78.8,94,20,1.14,ID,1619801521
Gaoyou,32.7858,119.4278,55.27,91,33,9.33,CN,1619801522
Plettenberg Bay,-34.0527,23.3716,57.74,77,6,4.68,ZA,1619801362
Mangai,-4.05,19.5333,74.44,90,100,1.5,CD,1619801522
Powell River,49.8496,-124.5361,55.0,100,75,14.97,CA,1619801523
Puerto Cabezas,14.0351,-83.3888,86.0,74,75,6.91,NI,1619801523
Asău,46.4333,26.4,64.99,36,17,10.51,RO,1619801523
Bubaque,11.2833,-15.8333,78.98,70,53,21.45,GW,1619801524
Pevek,69.7008,170.3133,11.55,95,100,9.33,RU,1619801524
Lazurne,46.084,32.5295,55.99,100,99,1.99,UA,1619801525
Portland,45.5234,-122.6762,59.0,67,75,8.05,US,1619801097
San Quintín,30.4833,-115.95,75.97,41,0,9.24,MX,1619801525
Storebø,60.0948,5.2271,57.2,43,20,6.91,NO,1619801526
Vao,-22.6667,167.4833,74.53,59,91,18.97,NC,1619801526
Porto Velho,-8.7619,-63.9039,84.2,65,75,5.75,BR,1619801398
Sulangan,11.1373,123.7228,82.45,78,62,10.25,PH,1619801527
Baiyin,36.5583,104.2081,50.0,57,0,4.47,CN,1619801527
Ocampo,21.65,-101.5,84.0,50,48,13.73,MX,1619801527
Erenhot,43.6475,111.9767,41.34,37,4,11.3,CN,1619801528
Dakoro,14.5106,6.765,101.52,3,5,8.88,NE,1619801528
Skegness,53.1436,0.3363,48.2,76,75,6.91,GB,1619801529
Puerto Nariño,-3.7703,-70.3831,77.0,100,75,4.61,CO,1619801529
São João da Barra,-21.6403,-41.0511,77.0,65,75,13.8,BR,1619801529
Ponta Delgada,37.7333,-25.6667,60.8,67,75,12.66,PT,1619801530
Ahipara,-35.1667,173.1667,58.98,83,95,8.84,NZ,1619801530
Pisco,-13.7,-76.2167,69.01,83,9,11.5,PE,1619801531
Banamba,13.55,-7.45,95.65,24,88,7.58,ML,1619801531
Southbridge,42.0751,-72.0334,60.01,63,93,8.99,US,1619801531
Ergani,38.2653,39.7621,66.2,72,75,9.22,TR,1619801532
High Level,58.5169,-117.136,42.8,93,75,4.61,CA,1619801532
Katsuura,35.1333,140.3,60.8,82,20,12.66,JP,1619801533
Graaff-Reinet,-32.2522,24.5308,55.99,62,70,5.73,ZA,1619801533
Boddam,57.4667,-1.7833,45.0,81,75,4.61,GB,1619801533
Botshabelo,-29.2702,26.7052,53.6,71,20,14.97,ZA,1619801534
Kisesa,-3.0833,34.15,69.08,73,100,5.61,TZ,1619801534
Abastumani,41.7075,42.8457,57.2,88,75,8.05,GE,1619801535
Bredasdorp,-34.5322,20.0403,59.0,58,35,3.44,ZA,1619801535
Lebu,-37.6167,-73.65,59.32,78,100,18.07,CL,1619801535
Shache,38.4167,77.2406,74.93,10,10,7.07,CN,1619801536
Lompoc,34.6391,-120.4579,62.6,93,90,6.91,US,1619801536
San Rafael,-34.6177,-68.3301,73.65,34,53,11.61,AR,1619801537
Waliso,8.5333,37.9833,60.21,83,86,4.94,ET,1619801405
Mount Isa,-20.7333,139.5,73.4,33,0,5.75,AU,1619801538
Iowa City,41.6611,-91.5302,64.4,24,1,9.22,US,1619801404
Kharan,28.5833,65.4167,82.94,27,84,18.59,PK,1619801538
Plouzané,48.3833,-4.6167,53.6,47,20,10.36,FR,1619801538
Hearst,49.6835,-83.6665,35.6,51,80,14.97,CA,1619801539
Kyren,51.6828,102.1408,43.14,82,98,1.48,RU,1619801539
Abja-Paluoja,58.1253,25.3497,44.94,47,92,8.75,EE,1619801539
Indramayu,-6.3264,108.32,80.87,78,95,4.97,ID,1619801540
Twentynine Palms,34.1356,-116.0542,86.0,10,1,5.75,US,1619801399
Shetpe,44.1667,52.1167,66.13,28,93,12.03,KZ,1619801541
Shellbrook,53.2168,-106.4011,53.6,30,75,14.97,CA,1619801541
Ishigaki,24.3448,124.1572,74.7,88,81,10.94,JP,1619801541
Nanortalik,60.1432,-45.2371,42.1,64,7,5.79,GL,1619801542
Krasnoarmeysk,51.0239,45.6969,51.66,62,96,12.28,RU,1619801542
Chicama,-7.8447,-79.1469,66.2,82,40,8.05,PE,1619801542
Peruíbe,-24.32,-46.9983,74.28,56,80,8.32,BR,1619801543
Chernyshevskiy,63.0128,112.4714,25.14,97,99,3.24,RU,1619801543
Ardeşen,41.1911,40.9875,55.4,94,90,6.91,TR,1619801543
Puerto del Rosario,28.5004,-13.8627,71.6,53,75,20.71,ES,1619801544
Sombrerete,23.6333,-103.65,69.19,31,4,16.55,MX,1619801544
Viytivka,48.426,29.5429,59.05,85,95,14.58,UA,1619801544
Praia da Vitória,38.7333,-27.0667,62.01,63,20,1.68,PT,1619801545
Bariloche,-41.1456,-71.3082,60.01,51,98,10.58,AR,1619801276
Pryluky,50.5932,32.3876,56.01,90,100,7.81,UA,1619801545
Poronaysk,49.2167,143.1167,34.57,87,100,21.23,RU,1619801545
Bitung,1.4451,125.1824,75.2,100,20,2.3,ID,1619801546
Atar,20.5169,-13.0499,93.0,14,4,12.84,MR,1619801546
Palu,-0.8917,119.8707,75.24,95,92,3.04,ID,1619801547
Quatre Cocos,-20.2078,57.7625,78.8,78,40,12.66,MU,1619801547
Dingle,10.9995,122.6711,76.24,69,46,5.28,PH,1619801547
Strathmore,51.0501,-113.3852,66.99,30,83,14.97,CA,1619801548
Marzuq,14.4,46.4667,76.82,58,88,6.42,YE,1619801548
Jiayuguan City,39.8167,98.3,66.38,9,62,8.21,CN,1619801548
Soyo,-6.1349,12.3689,80.04,84,92,7.45,AO,1619801549
Hammerfest,70.6634,23.6821,26.6,86,90,18.41,NO,1619801549
Øksfjord,70.2396,22.3479,26.6,93,90,14.97,NO,1619801550
Phan Thiet,10.9333,108.1,79.36,84,79,7.96,VN,1619801550
Klaksvík,62.2266,-6.589,39.2,56,75,6.91,FO,1619801550
Minas Novas,-17.2186,-42.5903,76.73,55,99,8.21,BR,1619801551
Mahanoro,-19.9,48.8,74.44,87,1,1.01,MG,1619801551
Panguna,-6.3164,155.4848,67.03,93,64,1.36,PG,1619801551
Flinders,-34.5833,150.8552,57.99,89,10,1.01,AU,1619801552
Havøysund,70.9963,24.6622,32.0,69,75,33.38,NO,1619801552
Nyrob,60.733,56.7202,33.84,66,59,4.21,RU,1619801552
Charleston,32.7766,-79.9309,84.99,51,40,9.22,US,1619801430
Köthen,51.75,11.9667,52.0,71,100,1.01,DE,1619801553
Kotelnikowo,47.6317,43.1461,56.7,84,94,11.63,RU,1619801553
Lakes Entrance,-37.8811,147.981,54.55,69,1,4.52,AU,1619801553
Eidfjord,60.4675,7.0719,43.5,77,86,3.83,NO,1619801554
Wenling,28.3669,121.36,69.01,52,36,4.9,CN,1619801554
Seoul,37.5683,126.9778,51.8,81,90,2.3,KR,1619801554
Wewak,-3.5534,143.6268,77.07,90,100,6.11,PG,1619801555
Neuquén,-38.9516,-68.0591,64.4,52,0,5.75,AR,1619801555
Ahar,38.4774,47.0699,57.88,80,73,6.51,IR,1619801555
Östersund,63.1792,14.6357,39.2,56,90,10.36,SE,1619801556
Byron Bay,-28.65,153.6167,64.4,94,75,5.75,AU,1619801556
Camargo,27.6667,-105.1667,53.04,76,99,8.48,MX,1619801556
La Orilla,17.9833,-102.2333,84.31,56,46,8.39,MX,1619801557
Palora,-1.7,-77.9333,69.8,88,90,5.75,EC,1619801557
Petropavlovsk-Kamchatskiy,53.0452,158.6483,35.6,87,90,2.24,RU,1619801557
Turaif,31.6725,38.6637,89.6,19,40,6.91,SA,1619801558
Okhotsk,59.3833,143.3,31.33,82,96,5.21,RU,1619801558
Nome,64.5011,-165.4064,15.8,73,1,5.95,US,1619801558
Cuamba,-14.8031,36.5372,73.96,78,87,2.77,MZ,1619801559
Lexington,37.9887,-84.4777,68.0,52,1,10.36,US,1619801559
Tateyama,34.9833,139.8667,60.01,81,0,3.0,JP,1619801559
Talagang,32.9297,72.4158,78.75,42,100,9.78,PK,1619801303
Burē,10.7,37.0667,62.94,75,100,2.46,ET,1619801560
Nioro,13.35,-15.75,102.94,13,21,7.43,GM,1619801560
Adelaide,-34.9333,138.6,71.01,36,0,10.36,AU,1619801561
Prokovsino,59.6765,29.8531,46.0,49,0,13.42,RU,1619801561
Khovu-Aksy,51.1333,93.6,44.69,93,100,2.57,RU,1619801561
Seymchan,62.8833,152.4333,26.62,97,100,0.31,RU,1619801562
Touros,-5.1989,-35.4608,80.6,83,75,9.22,BR,1619801562
Makakilo City,21.3469,-158.0858,73.4,78,1,4.61,US,1619801563
Colesberg,-30.72,25.0972,48.56,68,65,17.54,ZA,1619801563
Hailar,49.2,119.7,37.58,74,100,2.01,CN,1619801564
Lalibela,12.0333,39.0333,63.54,65,90,2.42,ET,1619801564
Saint-Pierre,-21.3393,55.4781,77.0,78,0,4.61,RE,1619801565
Banjar,-8.19,114.9675,78.8,94,20,1.14,ID,1619801565
Teeli,51.0333,90.2333,51.06,72,99,10.54,RU,1619801565
Xichang,27.8964,102.2634,60.67,64,91,2.55,CN,1619801566
Aklavik,68.2191,-135.0107,23.0,86,100,6.91,CA,1619801566
Makar'yev,57.8797,43.8069,47.37,92,100,15.61,RU,1619801566
Ko Samui,9.5357,99.9357,83.84,73,100,9.44,TH,1619801567
Vangaindrano,-23.35,47.6,72.07,91,12,4.94,MG,1619801567
Yar-Sale,66.8333,70.8333,28.18,95,91,12.53,RU,1619801568
Noumea,-22.2763,166.4572,75.0,73,0,2.3,NC,1619801568
Alihe,50.5667,123.7167,38.43,92,99,3.96,CN,1619801568
Nicoya,10.1483,-85.452,87.8,48,40,6.91,CR,1619801569
Vila,42.0304,-8.1588,57.0,56,34,1.01,PT,1619801569
Nădrag,45.65,22.1833,73.4,46,0,6.91,RO,1619801570
Tabas,33.5959,56.9244,81.9,24,96,2.28,IR,1619801570
Kumluca,36.3703,30.2869,73.99,48,7,4.38,TR,1619801571
Meulaboh,4.1363,96.1285,78.37,86,82,3.44,ID,1619801571
Mbini,1.574,9.6134,81.07,82,67,6.35,GQ,1619801571
Nong Phai,15.9903,101.0618,79.3,80,40,2.93,TH,1619801572
Igrim,63.1906,64.4162,31.91,68,100,4.5,RU,1619801572
Biak,-0.9131,122.8766,76.55,81,67,1.72,ID,1619801573
Salinópolis,-0.6136,-47.3561,78.53,89,99,13.04,BR,1619801536
Gamba,-2.65,10.0,80.02,81,100,4.81,GA,1619801573
Singaparna,-7.3515,108.111,72.66,95,91,2.84,ID,1619801573
Egvekinot,66.3167,-179.1667,16.77,94,100,3.51,RU,1619801574
Ceres,37.5949,-120.9577,75.0,37,1,10.36,US,1619801574
Mareeba,-17.0,145.4333,73.4,78,8,10.36,AU,1619801574
Naze,28.3667,129.4833,65.98,77,100,15.97,JP,1619801544
Bengkulu,-3.8004,102.2655,77.23,87,100,4.29,ID,1619801357
Raudeberg,61.9875,5.1352,42.01,69,11,19.91,NO,1619801575
Papara,-3.9839,-38.7273,87.8,66,75,13.8,BR,1619801575
Nabire,-3.3667,135.4833,75.47,89,80,3.47,ID,1619801357
Narsaq,60.9167,-46.05,59.0,25,20,20.71,GL,1619801576
Yabrūd,33.9674,36.6574,82.4,17,0,16.8,SY,1619801576
Ust-Nera,64.5667,143.2,27.18,96,97,2.33,RU,1619801577
Omaruru,-21.4333,15.9333,72.93,26,1,8.3,NA,1619801577
Harper,4.375,-7.7169,83.26,73,98,6.55,LR,1619801577
Linqiong,30.4159,103.4609,69.8,78,0,5.26,CN,1619801578
Lagoa,39.05,-27.9833,57.97,61,9,4.68,PT,1619801578
Bonavista,48.6499,-53.1147,51.8,62,62,5.75,CA,1619801578
Mossendjo,-2.9506,12.7261,73.22,95,95,1.5,CG,1619801579
Xinqing,48.2333,129.5,41.65,67,94,3.74,CN,1619801579
Brownsville,25.9018,-97.4975,75.99,73,90,11.5,US,1619801308
Baghdad,33.3406,44.4009,95.0,20,0,10.36,IQ,1619801579
Palafrugell,41.9174,3.1631,63.0,22,30,8.28,ES,1619801580
Marsá Maţrūḩ,31.3525,27.2453,77.0,44,0,13.8,EG,1619801580
Tiznit Province,29.5833,-9.5,58.69,61,67,12.24,MA,1619801580
North Bend,43.4065,-124.2243,62.01,76,1,5.75,US,1619801479
Ascension,30.2169,-90.9001,78.8,89,90,3.44,US,1619801581
Tineo,43.3376,-6.4145,57.99,67,20,4.61,ES,1619801581
Constitución,-35.3333,-72.4167,59.09,78,100,11.21,CL,1619801582
Katiuzhanka,50.806,30.1376,60.8,94,100,4.47,UA,1619801582
Palencia,42.4167,-4.5,53.01,88,100,14.16,ES,1619801582
Andenes,69.3143,16.1194,28.4,86,75,12.66,NO,1619801583
Baraki Barak,33.9675,68.9486,65.68,40,100,3.0,AF,1619801583
Amberley,39.2048,-84.428,69.01,42,1,6.91,US,1619801583
San Jose,37.3394,-121.895,64.99,76,75,3.47,US,1619801552
Sumkino,58.1108,68.3244,40.3,43,48,10.83,RU,1619801584
Matara,5.9485,80.5353,78.08,88,52,3.13,LK,1619801585
San Patricio,28.017,-97.5169,73.99,100,90,11.5,US,1619801585
Hasaki,35.7333,140.8333,51.8,87,20,2.3,JP,1619801585
Chemainus,48.9163,-123.7194,54.0,82,75,10.36,CA,1619801586
Xingyi,24.1877,102.817,59.86,87,27,2.28,CN,1619801586
Chalmette,29.9427,-89.9634,82.4,69,75,8.05,US,1619801587
Elk City,35.412,-99.4043,71.6,35,1,3.44,US,1619801587
Stourbridge,52.4561,-2.1432,48.99,74,88,1.01,GB,1619801587
Isangel,-19.55,169.2667,76.48,77,80,14.76,VU,1619801588
Khorramshahr,30.4397,48.1664,96.8,16,0,2.3,IR,1619801588
Yaan,7.3833,8.5667,95.23,36,99,8.23,NG,1619801588
Solwezi,-12.1688,26.3894,64.62,89,99,1.95,ZM,1619801589
Kalabo,-14.97,22.6814,67.37,87,97,5.44,ZM,1619801589
Weihai,37.5017,122.1136,46.71,80,100,7.47,CN,1619801589
Rock Sound,24.9,-76.2,77.45,75,81,8.84,BS,1619801590
Korla,41.7597,86.1469,75.43,16,0,3.8,CN,1619801590
Dali,25.7,100.1833,60.78,63,85,1.9,CN,1619801590
União,-4.5858,-42.8642,87.8,62,75,8.05,BR,1619801475
Cristalina,-16.7686,-47.6136,71.42,64,96,9.42,BR,1619801591
Kyzyl-Suu,42.3414,78.0056,55.38,39,6,10.13,KG,1619801591
Ucluelet,48.9329,-125.5528,50.0,93,90,9.22,CA,1619801449
Santo Augusto,-27.8508,-53.7772,78.8,44,0,11.5,BR,1619801592
Ilulissat,69.2167,-51.1,37.4,56,20,4.61,GL,1619801592
Camapuã,-19.5314,-54.0439,87.4,22,100,7.2,BR,1619801469
Tongling,30.95,117.7833,62.46,84,57,6.93,CN,1619801593
Talnakh,69.4865,88.3972,18.91,82,28,3.69,RU,1619801593
Vallenar,-28.5708,-70.7581,73.27,34,32,5.46,CL,1619801593
Ukiah,39.1502,-123.2078,66.0,47,1,3.13,US,1619801503
Jaguarão,-32.5661,-53.3758,72.66,44,0,6.73,BR,1619801594
Shar,49.5886,81.0453,48.54,56,100,11.34,KZ,1619801594
Santa Marta,11.2408,-74.199,84.07,65,74,9.78,CO,1619801548
Shushenskoye,53.325,91.9356,41.0,81,0,6.71,RU,1619801593
Buraidah,26.326,43.975,91.4,19,0,6.91,SA,1619801595
Miandrivazo,-19.5167,45.4667,81.73,62,3,1.23,MG,1619801595
Boké,10.9409,-14.2967,97.43,26,87,5.46,GN,1619801596
Funtua,11.5233,7.3081,97.7,8,45,6.04,NG,1619801596
Ürümqi,43.801,87.6005,77.0,14,0,11.18,CN,1619801597
Pochutla,15.7432,-96.4661,87.01,58,90,11.5,MX,1619801597
Cockburn Town,21.4612,-71.1419,80.6,61,40,11.5,TC,1619801444
Mount Gambier,-37.8333,140.7667,55.4,58,99,9.22,AU,1619801597
Laguna,38.421,-121.4238,70.0,49,96,3.0,US,1619801598
Ust-Tsilma,65.441,52.1498,35.85,62,85,5.03,RU,1619801598
Price,39.5994,-110.8107,64.4,29,1,3.44,US,1619801599
Stornoway,58.2093,-6.3865,46.99,76,20,16.11,GB,1619801599
Skjervøy,70.0311,20.9714,28.4,69,75,11.5,NO,1619801599
Ovalle,-30.5983,-71.2003,67.69,55,34,4.14,CL,1619801600
Tazovsky,67.4667,78.7,31.69,96,100,10.58,RU,1619801600
Terbuny,52.1389,38.2789,53.26,71,64,12.5,RU,1619801600
Esperance,-33.8667,121.9,48.2,93,40,5.75,AU,1619801601
Muzhi,65.3667,64.6667,21.02,90,100,3.89,RU,1619801601
Kāzerūn,29.6195,51.6541,74.86,23,1,2.53,IR,1619801601
Gillette,44.2911,-105.5022,70.0,34,1,14.97,US,1619801582
Sambava,-14.2667,50.1667,78.08,85,37,12.12,MG,1619801602
Pallisa,1.145,33.7094,72.82,74,96,3.38,UG,1619801603
Philadelphia,39.9523,-75.1638,66.2,37,75,23.02,US,1619801361
Baykit,61.67,96.37,35.22,96,100,4.43,RU,1619801603
Ambulu,-8.345,113.6058,74.8,89,53,3.33,ID,1619801603
Ambilobe,-13.2,49.05,75.81,90,41,2.82,MG,1619801604
Glendive,47.1053,-104.7125,64.4,39,1,18.41,US,1619801604
Tiksi,71.6872,128.8694,30.27,80,94,3.96,RU,1619801605
Griffith,41.5284,-87.4237,50.0,66,20,21.85,US,1619801605
Valentín Gómez Farías,28.2167,-106.5833,49.01,69,100,11.83,MX,1619801605
Batticaloa,7.7102,81.6924,81.25,81,70,8.01,LK,1619801606
Kashan,33.9831,51.4364,81.77,17,1,4.18,IR,1619801607
Leshukonskoye,64.8989,45.7622,36.91,58,99,3.51,RU,1619801607
Cairns,-16.9167,145.7667,73.4,78,9,10.36,AU,1619801607
Krasnovishersk,60.4078,57.082,33.57,65,41,4.54,RU,1619801608
Yuanping,38.7153,112.7575,49.35,31,95,2.26,CN,1619801407
Nizhniy Tsasuchey,50.5167,115.1333,39.45,74,98,9.48,RU,1619801609
Cooma,-36.2333,149.1333,35.6,100,1,8.05,AU,1619801609
Cap-aux-Meules,47.3821,-61.8597,37.4,100,100,16.11,CA,1619801609
Kununurra,-15.7667,128.7333,64.4,94,0,4.97,AU,1619801610
Prienai,54.6333,23.95,44.6,76,90,8.05,LT,1619801610
San Antonio,29.4241,-98.4936,73.4,73,90,12.66,US,1619801326
Hualmay,-11.0964,-77.6139,72.09,71,7,8.52,PE,1619801611
Grand Gaube,-20.0064,57.6608,78.01,81,9,7.0,MU,1619801611
Novy Urengoy,66.0833,76.6333,30.36,96,100,14.07,RU,1619801611
Palmer,42.1584,-72.3287,57.2,58,75,20.71,US,1619801612
Salinas,36.6777,-121.6555,55.4,76,1,4.41,US,1619801612
Kyshtovka,56.555,76.6271,43.02,66,43,6.49,RU,1619801612
Bafra,41.5678,35.9069,61.0,82,75,3.44,TR,1619801613
‘Ewa Beach,21.3156,-158.0072,73.4,78,1,4.61,US,1619801613
Koulamoutou,-1.1303,12.4736,77.76,87,97,2.51,GA,1619801613
Tūkrah,32.5341,20.5791,79.5,35,31,9.31,LY,1619801419
Morant Bay,17.8815,-76.4093,86.0,62,20,10.36,JM,1619801614
Bikaner,28.0167,73.3,85.24,32,88,14.43,IN,1619801410
Port Hedland,-20.3167,118.5667,71.6,83,0,5.75,AU,1619801614
Upington,-28.4478,21.2561,69.8,35,0,4.61,ZA,1619801615
Moree,-29.4667,149.85,59.0,77,20,9.22,AU,1619801615
Bairiki Village,1.3292,172.9752,82.4,75,98,10.76,KI,1619801615
Lālmohan,22.3384,90.7419,83.03,75,1,11.52,BD,1619801616
Tyshkivka,48.4967,30.9423,59.49,76,93,9.01,UA,1619801616
Ostrovnoy,68.0531,39.5131,27.23,82,100,12.68,RU,1619801617
Gravdal,68.1214,13.5031,33.8,69,40,5.75,NO,1619801617
Pedasí,7.5333,-80.0333,83.12,67,69,12.06,PA,1619801617
Borogontsy,62.6683,131.1683,28.11,99,100,2.64,RU,1619801618
Pujehun,7.3581,-11.7208,89.17,58,100,8.12,SL,1619801618
Borshchiv,48.8033,26.0435,66.2,52,0,4.47,UA,1619801619
Beringovskiy,63.05,179.3167,22.12,89,85,5.14,RU,1619801619
Guane,22.2025,-84.0875,89.94,43,0,11.18,CU,1619801620
Sittwe,20.15,92.9,82.13,74,9,2.51,MM,1619801620
Ola,59.5833,151.2833,30.04,86,99,2.77,RU,1619801620
Nizhnekamsk,55.6366,51.8245,51.8,32,0,4.47,RU,1619801621
Presidencia Roque Sáenz Peña,-26.7852,-60.4388,80.01,49,0,1.01,AR,1619801621
Bourbonnais,41.1417,-87.875,57.0,67,1,20.71,US,1619801504
Beyneu,45.3167,55.2,66.02,17,98,10.71,KZ,1619801622
Zhangjiakou,40.81,114.8794,41.52,33,4,5.06,CN,1619801622
Aban,56.67,96.06,37.49,89,11,6.82,RU,1619801622
Río Cuarto,-33.1307,-64.3499,73.99,46,0,23.02,AR,1619801623
Sioux Lookout,50.1001,-91.917,42.8,36,20,9.22,CA,1619801624
Katobu,-4.9408,122.5276,73.47,87,79,3.85,ID,1619801624
Manitouwadge,49.1215,-85.8403,46.4,33,20,19.57,CA,1619801624
South Venice,27.0531,-82.4243,84.99,78,1,10.36,US,1619801454
Vardø,70.3705,31.1107,24.8,74,20,23.02,NO,1619801335
Kalianget,-7.05,113.9333,81.01,77,41,8.28,ID,1619801625
Dunedin,-45.8742,170.5036,48.99,71,34,5.99,NZ,1619801520
Yaring,6.8662,101.3689,79.68,84,100,5.59,TH,1619801626
Tirumullaivāsal,11.2333,79.8333,84.11,77,8,9.01,IN,1619801626
Qasigiannguit,68.8193,-51.1922,37.4,56,20,4.61,GL,1619801626
Nieuw Amsterdam,5.8833,-55.0833,87.8,62,40,8.05,SR,1619801627
Xining,36.6167,101.7667,54.41,23,2,1.43,CN,1619801627
Gujar Khan,33.2558,73.3026,78.66,38,67,5.97,PK,1619801628
Paita,-5.0892,-81.1144,82.4,61,0,13.8,PE,1619801628
Turki,51.987,43.2731,49.71,74,100,14.14,RU,1619801628
Rome,43.2128,-75.4557,46.4,81,90,19.57,US,1619801473
San Miguel de Tucumán,-26.8241,-65.2226,73.4,56,0,5.75,AR,1619801405
Alice Springs,-23.7,133.8833,51.8,50,0,3.44,AU,1619801629
Kalawit,8.0667,122.5167,79.0,86,81,3.56,PH,1619801629
Oussouye,12.485,-16.5469,98.6,54,0,11.5,SN,1619801630
Víctor Rosales,22.95,-102.7,66.2,45,20,17.27,MX,1619801630
Reyes,-14.3167,-67.3833,82.4,57,20,4.07,BO,1619801630
Mestia,43.0458,42.7278,44.83,93,86,2.64,GE,1619801631
Tezu,27.9167,96.1667,79.83,35,68,4.14,IN,1619801631
Ongandjera,-17.8833,15.0667,81.57,31,44,3.11,NA,1619801632
Waingapu,-9.6567,120.2641,77.88,87,8,6.44,ID,1619801632
Numata,36.6333,139.05,48.0,80,8,7.0,JP,1619801633
Oeiras,-7.0253,-42.1311,93.47,33,92,8.75,BR,1619801633
Itarema,-2.9248,-39.9167,85.84,64,83,9.01,BR,1619801634
Nemuro,43.3236,145.575,38.14,77,46,23.29,JP,1619801634
Katherine,-14.4667,132.2667,66.2,77,0,3.44,AU,1619801634
Perth,-31.9333,115.8333,57.99,76,0,3.44,AU,1619801635
Bathsheba,13.2167,-59.5167,86.0,51,20,19.57,BB,1619801635
Almora,29.6167,79.6667,59.79,67,60,3.58,IN,1619801635
Barpeta,26.3167,91.0,75.2,64,40,3.09,IN,1619801636
Bundaberg,-24.85,152.35,68.0,88,40,6.91,AU,1619801636
Segezha,63.7415,34.3222,33.98,83,100,10.69,RU,1619801343
Zhigansk,66.7697,123.3711,30.81,86,100,1.12,RU,1619801637
Abnūb,27.2696,31.1511,100.4,12,0,10.36,EG,1619801637
Missoula,47.0166,-113.8009,64.0,35,1,10.92,US,1619801637
Sembakung,3.8167,117.25,73.06,98,69,1.41,ID,1619801638
Blackwater,-23.5833,148.8833,61.56,87,5,6.58,AU,1619801638
